name,email
Bastian,bastian@yahoo.com
Bob,bob@gmail.com
Jamal,jamal@outlook.com
Joao,joao@yahoo.com
Samira,samira@protonmail.com
Eva,eva@gmail.com
Frank,frank@gmail.com
Takemura,takemura@outlook.com
Harry,harry@yahoo.com
Manuel,manuel@hotmail.com
